-12.282501,-3.5166016,0.76864624
-12.490799,-3.4375916,0.6130371
-12.720642,-3.3992767,0.46458435
-13.0271,-3.490265,0.38557434
-13.185104,-3.5884247,0.3568573
-13.587341,-4.1726074,0.45980835
-13.726196,-4.728073,0.7423248
-13.795639,-5.048889,0.88357544
-14.372635,-6.2795105,1.1158142
-15.136383,-7.28508,0.9290619
-16.156311,-8.319366,0.46458435
-16.94162,-8.994537,-0.29916382
-17.408478,-9.406342,-1.1107941
-17.61438,-9.923477,-1.9296112
-17.643112,-10.739899,-2.3725433
-17.63832,-11.31691,-2.4683075
-17.784378,-13.620132,-1.5608978
-17.767609,-15.470856,-0.71813965
-17.420456,-17.288055,0.009689331
-16.745285,-18.88977,0.8165436
-15.73494,-20.084473,1.6018372
-15.133987,-20.501068,1.9585724
-13.185104,-21.090042,2.8180847
-11.825211,-20.946396,3.1915894
-10.61853,-20.434036,3.375946
-10.230667,-20.137146,3.3352356
-10.537125,-20.005463,3.0072327
-10.472473,-19.246506,2.3200989
-10.154053,-18.075745,1.7670288
-9.981674,-17.46762,1.5683136
-9.66803,-16.43811,1.3336792
-8.985687,-15.121292,1.4414215
-8.293762,-14.357544,1.6401367
-7.6161957,-13.73027,1.9011078
-6.6202087,-12.959335,2.399109
-6.261078,-12.739059,2.5331879
-5.8756104,-12.537949,2.628952
-4.664154,-11.984894,2.7941437
-4.300232,-11.8220825,2.8013306
-3.632248,-11.563507,2.5714874
-3.352127,-11.283386,2.221939
-3.0552368,-10.756668,1.8197021
-2.8373718,-10.172485,1.4366302
-2.6458282,-9.573929,1.0631409
-2.4638824,-8.956223,0.759079
-2.392044,-8.647369,0.63697815
-2.4016266,-8.132614,0.20840454
-2.423172,-8.091919,0.06954956
-2.162201,-8.048828,-0.2776184
-1.9970093,-8.2092285,-0.36380005
-1.6857605,-8.398376,-0.29437256
-1.245224,-8.467804,-0.1124115
-0.7280731,-8.410355,0.10307312
-0.2899475,-8.386398,0.43585205
0.12904358,-8.561188,0.7255554
0.35888672,-8.637802,0.86203
0.95744324,-8.716812,1.5443726
1.0460205,-8.810181,1.779007
0.8688507,-9.57872,2.446991
0.7563324,-9.911514,2.7031708
0.1721344,-11.106216,3.3496094
-0.3928833,-12.061508,3.3424225
-0.85975647,-13.01918,2.9617462
-1.185379,-13.727875,2.4326172
-1.7456207,-14.146851,1.9561768
-2.5907745,-14.381485,1.5874634
-3.514923,-14.503586,1.4581909
-5.095108,-14.750198,1.4797363
-5.791809,-14.9800415,1.4438171
-7.570709,-15.554642,1.2594604
-9.105392,-16.028702,0.9793396
-10.388687,-16.488388,0.63697815
-10.522766,-16.584152,0.62260437
-10.764572,-16.739777,0.89315796
-10.910614,-16.818787,1.0224457
-11.355942,-16.98877,1.3097382
-12.189117,-17.084534,1.6497192
-12.543472,-17.065384,1.6736603
-13.395798,-16.967224,1.4940948
-14.0039215,-16.646408,1.075119
-14.461227,-15.877869,0.328125
-14.391785,-15.557037,0.002502441
-13.85788,-14.632874,-0.6463165
-13.596909,-14.374298,-0.91926575
-13.132431,-14.031937,-1.323883
-12.706268,-13.660828,-1.4962616
-12.263336,-13.280151,-1.438797
-12.162781,-13.028763,-1.1323395
-12.347137,-12.664841,-0.6439209
-12.701477,-12.193192,-0.3757782
-12.902588,-11.544357,-0.4954834
-13.10611,-10.80455,-0.75405884
-13.218628,-10.059952,-0.9791107
-13.244965,-9.705612,-1.0605164
-13.273697,-8.807785,-1.1945953
-13.223419,-8.21402,-1.0916443
-13.201874,-7.6394196,-0.849823
-13.276093,-7.0624084,-0.67025757
-13.225815,-6.4566803,-0.49069214
-13.072586,-5.819824,-0.4045105
-12.9049835,-5.285919,-0.35183716
-12.756546,-4.8717194,-0.17944336
-12.574585,-4.4575195,0.0934906
-12.397415,-4.1223297,0.37600708
-12.37587,-3.8086853,0.6393738
-12.466858,-3.53096,0.7806244
-12.684723,-3.3298492,0.62979126
-12.761337,-3.2436676,0.49331665
-12.885834,-3.1574707,0.15812683
-13.012726,-3.234085,-0.19381714
-12.993576,-3.344223,-0.38534546
-13.017517,-3.471115,-0.48590088
-13.216232,-4.000229,-0.5026703
-13.479599,-4.541321,-0.28718567
-13.829147,-5.2907104,0.07911682
-14.293625,-6.222046,0.33291626
-14.84668,-7.294647,0.45262146
-15.438049,-8.345703,0.34487915
-16.103638,-9.327332,0.002502441
-16.683044,-10.191635,-0.47154236
-17.051743,-10.86441,-1.1395264
-17.066116,-11.31691,-1.7285004
-16.843445,-11.752655,-2.051712
-16.654312,-12.061508,-2.0421448
-16.046188,-13.505203,-1.0293884
-15.574524,-14.735825,0.20362854
-15.1028595,-16.026306,1.3408661
-14.92569,-16.672745,1.8292847
-14.722183,-18.559372,3.1245422
-14.540222,-19.493103,3.6536713
-14.348694,-20.242493,3.8691406
-14.116455,-20.675842,3.830841
-13.90097,-20.900894,3.5507202
-13.637619,-20.9823,3.1676483
-13.343124,-20.819489,2.7414703
-13.072586,-20.453186,2.3823395
-12.794861,-19.866608,2.1644745
-12.488403,-19.1268,2.0112457
-12.10054,-18.403748,1.8963165
-11.461288,-17.740555,1.7981567
-11.049484,-17.44606,1.7742157
-9.735062,-16.416565,1.9442139
-9.07666,-15.825195,2.1477203
-8.506836,-15.341568,2.2937622
-7.9394073,-14.927368,2.3631897
-7.3001556,-14.441345,2.391922
-6.5555725,-13.869125,2.3033295
-5.767868,-13.277756,2.1836243
-5.028061,-12.748642,2.0256042
-4.178131,-12.2482605,1.8197021
-3.1917114,-11.702377,1.6976013
-2.1478424,-11.149307,1.6712646
-1.1470642,-10.64653,1.7766113
-0.26838684,-10.165298,2.0064545
0.3780365,-9.672089,2.2458801
0.5647888,-9.399155,2.4062805
0.5528259,-8.8461,2.7725983
0.39959717,-8.7191925,2.763031
0.002151489,-8.4702,2.5762787
-0.3665619,-8.192474,2.2674255
-0.6849823,-8.106277,1.8508301
-0.6275177,-8.225998,1.0870819
-0.02897644,-8.295425,0.7518921
0.35888672,-8.369644,0.6561279
1.1489716,-8.640198,0.54359436
1.8121643,-8.910736,0.7399292
2.2072144,-9.174103,1.3336792
2.2957916,-9.552383,2.0040588
1.675705,-10.366409,3.028778
0.80900574,-11.187622,3.4645233
-0.22529602,-12.047134,3.5650787
-1.1183319,-12.830048,3.3472137
-1.7647705,-13.337616,2.877945
-2.016159,-13.517181,2.5906372
-2.4758453,-13.747025,2.0782776
-3.4383087,-13.833221,1.5874634
-4.5133057,-14.247406,1.4246674
-5.724777,-14.762161,1.3863525
-7.1134186,-15.331985,1.2953796
-8.432617,-15.844345,1.1230011
-8.9114685,-16.02391,0.99131775
-9.840408,-16.541061,0.69203186
-9.929001,-16.734985,0.6106415
-10.3072815,-17.319168,0.7231598
-10.575424,-17.50113,0.838089
-11.202713,-17.78125,1.0511627
-12.294464,-17.867447,1.237915
-12.952881,-17.805191,1.0774994
-13.6280365,-17.740555,0.77583313
-14.056595,-17.48677,0.48614502
-14.1380005,-17.132431,0.23953247
-13.795639,-16.25615,-0.69659424
-13.479599,-16.021515,-0.34225464
-12.933716,-15.42775,-0.16748047
-12.744583,-15.173965,-0.69659424
-12.677536,-14.939331,-0.66786194
-12.600922,-14.604141,-0.75645447
-12.792465,-14.218674,-0.47872925
-13.036667,-13.775757,-0.3183136
-13.276093,-13.404648,-0.26324463
-13.261719,-12.85878,-0.27522278
-13.218628,-12.320084,-0.27522278
-13.163559,-11.862793,-0.26324463
-13.079773,-11.345642,-0.11480713
-13.082153,-10.792572,0.1509552
-13.309616,-10.263458,0.3400879
-13.570572,-9.652939,0.34248352
-13.702255,-8.867645,0.1796875
-13.855484,-8.111069,-0.011856079
-13.960831,-6.913971,-0.26324463
-13.989563,-6.5811768,-0.2967682
-13.932098,-5.6857452,-0.17706299
-13.836334,-5.4176025,-0.07171631
-13.608887,-4.9602966,0.17489624
-13.283279,-4.5604706,0.5172577
-12.981598,-4.170212,0.8596344
-12.694305,-3.7392578,1.2163696
-12.660782,-3.6387024,1.2953796
-12.768524,-3.5501251,1.3217163
-12.998367,-3.5740662,1.2546692
-13.235382,-3.6363068,1.1684875
-13.383835,-3.6746216,1.000885
-13.611282,-3.8733368,0.7135925
-13.960831,-4.344986,0.37361145
-14.446854,-5.0848083,0.16770935
-14.954422,-6.1621857,0.17250061
-15.442841,-7.376053,0.3065796
-15.801971,-8.4702,0.37121582
-15.950409,-8.953827,0.34727478
-16.292786,-10.074326,0.10067749
-16.505875,-10.54837,-0.13156128
-16.529816,-10.86441,-0.339859
-16.3694,-11.206772,-0.46914673
-16.122803,-11.802933,-0.36619568
-15.926468,-12.784561,-0.09805298
-15.710999,-14.053482,0.13418579
-15.16272,-16.265732,0.7734375
-14.92569,-16.998352,1.1325684
-14.406158,-18.27446,1.9106903
-13.812393,-19.248901,2.6361237
-13.304825,-20.019836,3.241867
-12.71106,-20.730911,3.9601288
-12.440521,-20.994278,3.9816742
-12.2920685,-21.145111,3.751831
-12.263336,-21.236084,3.2682037
-12.260956,-21.362976,2.7941437
-11.873093,-21.097229,2.5666962
-11.106949,-20.340652,2.5164185
-10.254608,-19.296783,2.6098022
-9.581833,-18.288818,2.7486572
-9.035965,-17.340714,2.9593506
-8.604996,-16.387833,3.1772156
-8.3823395,-15.657593,3.3687592
-8.353607,-15.415787,3.404663
-8.482895,-14.984833,3.241867
-8.420654,-14.699921,2.8994904
-8.018417,-14.328812,2.446991
-7.3576202,-13.888275,1.9513855
-6.4885254,-13.476486,1.4342346
-5.375229,-12.95694,1.0487823
-4.099121,-12.451767,0.8165436
-2.6769562,-11.771805,0.8021698
-1.3433838,-11.024811,1.0966644
-0.31149292,-10.4023285,1.5132446
0.308609,-9.973755,1.9226532
0.54803467,-9.662521,2.2147522
0.6342163,-9.490128,2.2482758
0.684494,-9.358444,2.08786
0.7706909,-9.241135,1.9561768
0.9358978,-9.18367,1.8675995
1.170517,-9.231552,1.747879
1.4650116,-9.28183,1.6736603
1.7858276,-9.327332,1.6233826
2.0180664,-9.406342,1.6233826
2.123413,-9.5212555,1.6904144
2.1760864,-9.660126,1.9202576
2.1952362,-9.810959,2.2410889
2.068344,-10.086288,2.5331879
1.675705,-10.608231,2.58107
1.0412292,-11.412674,2.4182587
0.27748108,-12.291351,2.0663147
-0.3928833,-13.129318,1.7119751
-0.88848877,-13.830826,1.5204315
-1.3864899,-14.34079,1.5563507
-2.0137634,-14.678375,1.7574615
-2.9546814,-14.987213,2.063919
-4.1565704,-15.351135,2.4134674
-5.4997253,-15.777313,2.6361237
-6.80217,-16.189102,2.6504974
-7.898712,-16.524292,2.5786743
-8.801331,-16.825974,2.3272858
-9.191589,-16.991165,2.154892
-10.300095,-17.572952,1.7670288
-11.068634,-17.932083,1.6114197
-11.851547,-18.137985,1.5994415
-12.617691,-18.221786,1.6161957
-13.273697,-18.224182,1.4797363
-13.783661,-18.202637,1.1541138
-14.056595,-18.149963,0.6537323
-14.200256,-17.932083,0.14376831
-14.17392,-17.56578,-0.36619568
-14.025482,-17.015106,-0.81391907
-13.953644,-16.818787,-0.89530945
-13.903366,-16.610489,-0.8522186
-13.879425,-15.9449005,-0.5457611
-13.9201355,-15.434937,-0.18902588
-13.963226,-14.845963,0.18685913
-13.891403,-14.134888,0.38079834
-13.809998,-13.421417,0.3496704
-13.747742,-12.695969,0.14137268
-13.666351,-11.946579,-0.18663025
-13.618454,-11.575485,-0.3470459
-13.606491,-10.543579,-0.66308594
-13.625641,-9.475769,-0.65589905
-13.649582,-9.128601,-0.6008301
-13.685501,-8.7934265,-0.54096985
-13.534668,-7.665756,-0.39253235
-13.400589,-7.320984,-0.38534546
-13.10611,-6.526108,-0.5266113
-12.986389,-6.253174,-0.55773926
-12.486008,-5.4176025,-0.5385742
-12.330383,-5.194931,-0.46435547
-12.098145,-4.802292,-0.2321167
-11.897034,-4.4575195,0.10545349
-11.774933,-4.0193787,0.328125
-11.724655,-3.7129211,0.19165039
-11.624084,-3.3466034,-0.32789612
-11.7270355,-3.2364807,-0.631958
-11.92337,-3.2268982,-0.7588501
-12.158005,-3.2532349,-0.64871216
-12.268127,-3.2676086,-0.5314026
-12.919357,-3.5118103,0.04560852
-13.156387,-3.60997,0.1844635
-13.400589,-3.7703857,0.3113556
-13.924927,-4.3473816,0.50050354
-14.528259,-5.1925354,0.8524475
-15.442841,-6.490204,1.0535583
-16.328705,-8.008118,0.92427063
-17.018234,-9.317749,0.5938721
-17.26004,-10.229935,0.1222229
-17.291168,-10.9362335,-0.46195984
-17.149902,-11.63533,-0.9479828
-16.922455,-11.994461,-0.79714966
-16.534607,-12.521194,-0.20339966
-16.134766,-13.402252,0.5364227
-16.039001,-14.058273,0.8883667
-15.907318,-15.592957,1.3456573
-15.6918335,-18.085312,1.6066284
-15.385376,-19.555359,1.7766113
-14.798798,-20.747665,1.8795624
-14.085327,-21.542542,2.0064545
-13.2521515,-21.85379,2.0806732
-12.933716,-21.906464,2.118988
-12.411789,-21.839432,2.226715
-12.150818,-21.588028,2.2362976
-11.868301,-21.228897,2.2674255
-11.391861,-20.694992,2.3895264
-10.872314,-20.146729,2.6720428
-10.32164,-19.483536,3.1413116
-9.749435,-18.784424,3.5435333
-9.047928,-17.716614,3.9433594
-8.858795,-17.391006,4.055893
-8.612183,-16.849915,4.1612396
-8.514023,-16.612885,4.1636353
-8.130951,-15.935318,4.1253204
-7.688019,-15.42775,4.0295563
-6.9386444,-14.814835,3.6081696
-6.1725006,-14.259384,3.2203217
-5.324951,-13.656036,2.8803406
-4.8868103,-13.3471985,2.707962
-4.067993,-12.796524,2.3512268
-3.2395935,-12.183609,2.0351868
-2.3776855,-11.594635,1.7837982
-1.003418,-10.682449,1.4438171
-0.1534729,-10.062347,1.2857971
0.44747925,-9.566742,1.1804504
0.8113861,-9.214798,1.190033
1.1298218,-8.946655,1.1876373
1.3261414,-8.709625,1.1660919
1.3812103,-8.601883,1.1014404
1.4147339,-8.58992,0.92666626
1.6613312,-8.508514,0.73513794
2.0898895,-8.434296,0.62260437
2.3149567,-8.410355,0.5962677
2.6836548,-8.496536,0.5651398
3.2199554,-8.668915,0.7255554
3.3899536,-8.779053,1.075119
3.1648865,-9.116638,1.4893036
2.6214142,-9.688858,1.8939362
2.2383423,-10.040802,2.0495453
0.99095154,-11.213959,2.1524963
0.63900757,-11.666458,2.0303955
-0.1822052,-12.959335,1.4438171
-0.3378296,-13.340012,1.2498932
-0.79751587,-14.273743,0.8596344
-1.4295807,-14.79808,0.91230774
-2.2579803,-15.188339,1.2786255
-3.3976135,-15.782089,1.7071838
-4.8293457,-16.545853,2.2458801
-6.443039,-17.376633,2.822876
-7.5371857,-17.915329,3.4645233
-8.10701,-18.437271,4.005615
-8.545151,-19.239319,4.0846252
-9.138916,-20.218552,4.245041
-9.988846,-21.011032,4.8292236
-11.104553,-21.535355,5.092575
-12.380661,-21.746048,4.297714
-13.115677,-21.841827,3.5411377
-14.853867,-21.73169,0.27305603
-15.160324,-21.504242,-0.849823
-15.73494,-20.280807,-4.814621
-16.017456,-19.514648,-5.961441
-16.050964,-18.53543,-5.6741486
-16.153915,-17.417328,-5.2910767
-16.295181,-16.751755,-4.527313
-16.146744,-16.047852,-3.3182526
-15.677475,-15.262558,-2.0301666
-15.201035,-14.494019,-1.0222168
-14.877808,-13.849976,-0.5266113
-14.657547,-13.181992,-0.29197693
-14.389389,-12.521194,-0.30633545
-14.07576,-11.901093,-0.37098694
-13.886612,-11.398315,-0.5242157
-13.685501,-10.802155,-0.72532654
-13.4101715,-10.117416,-0.983902
-13.096527,-9.473373,-1.244873
-12.811615,-8.858063,-1.4124603
-12.579376,-8.252335,-1.4531708
-12.399811,-7.660965,-1.5561218
-12.126877,-7.115082,-1.7261047
-11.964066,-6.8541107,-1.7452545
-11.724655,-6.4327393,-1.6925812
-11.248199,-5.917984,-1.3813324
-10.946533,-5.5947723,-0.7205353
-10.664017,-5.1925354,-0.016647339
-10.647263,-5.024948,0.30178833
-10.865128,-4.7065125,0.8883667
-11.501984,-4.325836,1.4845276
-12.033493,-4.2444305,1.4988861
-12.581772,-4.1965485,1.2187653
-13.180328,-4.198944,0.70401
-13.771698,-4.277954,0.11024475
-14.348694,-4.3904877,-0.5098572
-14.705429,-4.6083527,-1.0198212
-14.743744,-4.842987,-1.2281036
-14.74852,-5.3074646,-1.062912
-14.78923,-5.6785583,-0.8522186
-15.009491,-6.6721497,-0.31591797
-15.32074,-7.9003754,0.05517578
-15.519455,-9.008896,0.02645874
-15.799576,-10.534012,-0.46435547
-15.8498535,-11.369583,-1.031784
-15.751694,-12.056717,-1.6446991
-15.533829,-12.770187,-2.0804443
-15.313553,-13.70871,-2.0636902
-15.112442,-14.932159,-1.5585175
-14.8059845,-16.327972,-0.66786194
-14.341507,-17.714218,0.5340271
-14.07576,-18.346283,1.1134186
-13.58255,-19.514648,2.0926514
-13.175537,-20.946396,3.284958
-13.50354,-22.179398,3.49086
-13.66156,-22.945541,3.1963806
-13.515518,-23.012589,2.755844
-13.264114,-22.595993,2.3105164
-12.914566,-22.026169,2.0064545
-12.526703,-21.372559,1.8963165
-12.050262,-20.697388,1.960968
-11.557053,-19.9935,2.2602386
-11.1332855,-19.34227,2.6145782
-10.802887,-18.858643,2.9449768
-10.501205,-18.556976,3.1580658
-9.943359,-18.221786,3.3352356
-9.012024,-17.606476,3.4884644
-8.04715,-16.900192,3.624939
-7.233124,-16.268112,3.6273346
-6.4765625,-15.607315,3.4262238
-5.506912,-14.831604,3.150879
-4.482193,-14.015167,2.8827362
-3.6130981,-13.210724,2.4110718
-2.9283447,-12.497253,1.8125305
-2.313034,-11.88913,1.1804504
-1.6378784,-11.240295,0.4478302
-1.1183319,-10.58667,-0.0262146
-0.84539795,-10.021652,-0.24169922
-0.7568054,-9.660126,-0.26324463
-0.71850586,-9.43985,-0.09565735
-0.8214569,-9.363235,0.33052063
-0.87890625,-9.312958,0.8189392
-0.84539795,-9.34169,1.3456573
-0.54133606,-9.291412,1.9250488
-0.16065979,-9.159729,2.5427551
0.21284485,-9.133392,3.012024
0.660553,-9.190857,3.2227173
1.3165741,-9.157333,3.1820068
1.9151154,-9.126221,3.0144196
2.3269196,-9.152557,2.763031
2.616623,-9.2243805,2.4206543
2.7004242,-9.444641,2.1213837
2.6118317,-9.911514,1.9537811
2.281433,-10.512451,1.8197021
1.6062622,-11.302536,1.644928
0.7563324,-12.140518,1.3815765
-0.04333496,-12.916229,1.3408661
-0.81427,-13.495636,1.5371857
-1.5253448,-13.957718,1.7550659
-2.3537445,-14.429367,2.1165924
-3.2874756,-15.037491,2.652893
-4.3193817,-15.8228,3.0024414
-5.289032,-16.543457,3.1652527
-6.2084045,-17.082153,3.0455322
-7.213974,-17.50592,2.6002197
-8.384735,-18.008698,1.8867493
-9.557892,-18.37262,1.2403107
-10.553879,-18.57373,0.7255554
-11.329605,-18.789215,0.4837494
-11.849152,-18.896957,0.5196533
-12.055054,-18.94484,0.60824585
-12.71106,-19.284805,0.91230774
-13.051041,-19.5793,1.1469421
-13.311996,-19.550568,1.3552399
-13.671127,-19.564941,1.2474976
-13.742966,-19.36142,1.348053
-13.52269,-18.920898,2.3392487
-13.561005,-18.35347,2.2530518
-13.824356,-17.987152,2.1285553
-13.891403,-17.678299,2.1261597
-13.994354,-16.620071,2.0016632
-14.087723,-15.437332,1.8244934
-14.0781555,-14.996796,1.7263336
-13.970413,-14.149246,1.3025665
-13.877029,-13.395081,0.84765625
-13.6280365,-12.707947,0.5843048
-13.26651,-11.599426,0.6345825
-13.199478,-11.201981,0.6968231
-13.084549,-10.050369,0.79737854
-13.029495,-9.250717,0.7255554
-13.005539,-8.901154,0.64175415
-12.967239,-8.230789,0.49092102
-12.845139,-7.5723724,0.27305603
-12.512344,-6.7224426,-0.06213379
-12.361511,-6.4973755,-0.11959839
-11.892242,-5.7886963,-0.03819275
-11.755768,-5.58519,0.03842163
-11.44931,-5.0704346,0.1796875
-11.279327,-4.455124,0.37361145
-11.195526,-4.048111,0.49092102
-11.233841,-3.8613586,0.47895813
-11.3511505,-3.7799683,0.43347168
-11.446915,-3.641098,0.39994812
-11.741409,-3.6674347,0.39276123
-12.114899,-3.7727814,0.33529663
-12.327988,-3.8398132,0.2778473
-13.046249,-4.3066864,-0.019042969
-13.436508,-4.8286285,-0.24649048
-13.604095,-5.4223785,-0.29197693
-13.745361,-6.1621857,-0.33029175
-13.874634,-7.057617,-0.1124115
-13.922531,-7.9506683,0.2826233
-14.111664,-8.855667,0.64175415
-14.516281,-9.880386,0.8787842
-14.920914,-10.871582,0.9817352
-15.198639,-11.637726,0.8117523
-15.325531,-12.190796,0.20123291
-15.519455,-12.7630005,-0.4332428
-15.708603,-13.366348,-0.9001007
-15.878586,-14.24263,-1.1610718
-15.952805,-15.4900055,-1.1682587
-15.811554,-16.979202,-0.8857422
-15.538605,-18.461212,-0.26324463
-15.239334,-19.85463,0.4693756
-14.870636,-21.027786,1.2235565
-14.422913,-21.923218,2.0543365
-14.135605,-22.722885,2.8683624
-13.831543,-23.421997,3.4980469
-13.278488,-23.477066,4.189972
-12.644028,-23.003006,4.625717
-12.229828,-22.490646,4.783737
-11.813232,-21.690979,4.8842926
-11.533112,-20.814713,4.7023315
-11.442139,-20.43164,4.5131836
-11.166794,-19.694214,3.9744873
-10.522766,-18.894562,2.988083
-9.950546,-18.458817,2.5092316
-9.074265,-17.917725,2.2410889
-8.054337,-17.292831,1.9657593
-7.190033,-17.000748,1.7933655
-6.249115,-16.646408,1.7502747
-5.0687714,-15.978424,1.6593018
-3.8166046,-15.104538,1.5443726
-2.593155,-14.077423,1.5036774
-1.5037994,-12.997635,1.510849
-0.58203125,-12.004044,1.5874634
-0.23008728,-11.563507,1.6784515
0.13383484,-11.04158,1.7694244
0.07157898,-10.976929,1.5539551
0.17692566,-10.636963,1.3887482
0.33973694,-10.079102,1.3528442
0.3948059,-9.561966,1.4055176
0.37564087,-9.056778,1.4007263
0.3660736,-8.60907,1.3743896
0.47859192,-8.302612,1.2738342
0.89997864,-8.103897,1.0918732
1.6086578,-8.163742,1.0224457
2.3412933,-8.405563,0.92427063
3.083496,-8.733566,0.9458313
3.7107697,-8.982559,1.1948242
3.9717407,-9.075943,1.4198761
4.3572083,-9.233948,2.384735
4.127365,-9.375214,2.9713135
3.459381,-9.753494,3.3352356
2.4442444,-10.397537,3.3160858
1.3812103,-11.273819,2.9665375
0.55999756,-12.1740265,2.3224945
-0.16065979,-13.064682,1.699997
-0.81666565,-13.933777,1.2187653
-1.4870453,-14.774139,0.7542877
-2.102356,-15.434937,0.39515686
-2.5859833,-15.959259,0.31854248
-3.3066406,-16.59851,0.38319397
-4.214035,-17.273682,0.68725586
-5.296219,-17.98236,1.0128632
-6.711197,-18.911316,1.1996155
-8.449387,-19.667877,1.2881927
-10.132507,-20.139542,1.1613007
-11.298477,-20.484314,0.9027252
-11.971252,-20.764435,0.6728821
-12.3160095,-20.977509,0.38079834
-12.576981,-21.250458,0.32333374
-12.888229,-21.34143,0.6824646
-13.412567,-21.319885,1.0846863
-14.209824,-21.17862,1.3025665
-14.875412,-20.721329,1.4486084
-15.349472,-20.027008,1.4174805
-15.562546,-19.10286,1.0607452
-15.543396,-17.960815,0.6896515
-15.3159485,-16.926529,0.32572937
-14.904144,-16.06221,-0.10522461
-14.346298,-15.281708,-0.35183716
-13.7860565,-14.709488,-0.27043152
-13.491562,-14.455704,-0.08847046
-12.6129,-13.675201,0.57951355
-12.483612,-13.395081,0.74710083
-12.294464,-12.430206,1.1014404
-12.160385,-11.994461,1.2067871
-11.731827,-10.814133,1.111023
-11.518753,-10.196426,0.7614746
-11.315247,-9.57872,0.36642456
-11.217072,-9.286621,0.19883728
-11.090179,-8.733566,-0.019042969
-11.061447,-8.266693,-0.023834229
-11.080612,-7.507736,0.19404602
-11.154831,-6.997772,0.33052063
-11.166794,-6.4016113,0.38079834
-11.099762,-5.827011,0.35923767
-11.027939,-5.340988,0.38796997
-10.886673,-4.9315796,0.36402893
-10.613739,-4.574829,0.34727478
-10.436569,-4.380905,0.48135376
-10.467697,-4.400055,0.6896515
-10.695145,-4.4886475,0.9386444
-10.97287,-4.6562347,1.1996155
-11.219467,-4.6897583,1.4246674
-11.901825,-4.826233,1.6066284
-12.248978,-4.910019,1.5683136
-13.144409,-5.3002777,1.000885
-13.383835,-5.448715,0.71598816
-13.683105,-5.9323425,0.10784912
-13.932098,-6.641037,-0.2776184
-14.310379,-7.6992645,-0.39971924
-14.98555,-9.092697,-0.33746338
-15.658325,-10.574707,-0.27282715
-15.995911,-11.795746,-0.30155945
-15.924072,-12.676819,-0.45239258
-15.62001,-13.251419,-0.67025757
-15.366226,-14.134888,-0.7301178
-15.289612,-14.395859,-0.6606903
-15.016678,-15.343964,-0.0836792
-14.896973,-15.782089,0.19165039
-14.540222,-16.75653,0.8452606
-13.783661,-18.394165,1.7191467
-13.479599,-18.90892,1.9873047
-12.59375,-20.381363,2.7534485
-12.313629,-20.86499,2.980896
-11.767746,-21.762817,3.399887
-10.704712,-22.3853,3.696762
-10.0151825,-22.179398,3.759018
-9.423813,-21.506638,3.7661896
-9.177216,-21.08525,3.7326813
-8.68161,-19.605637,3.41185
-8.348831,-18.480362,3.2993317
-8.1644745,-17.941666,3.2322845
-8.308121,-17.276077,2.9928741
-8.370377,-17.216217,2.9378052
-7.8651886,-16.672745,2.9210358
-7.1852417,-15.956879,2.9378052
-6.534012,-15.255371,3.0431519
-5.9474335,-14.484436,3.2825623
-5.506912,-13.751816,3.617752
-5.06398,-12.990463,3.7207031
-4.6976624,-12.418243,3.6991577
-4.33374,-11.9561615,3.5435333
-4.063202,-11.8771515,3.0503235
-3.6154938,-12.001648,2.360794
-2.818222,-11.707169,1.8292847
-1.9227905,-11.142136,1.5132446
-1.185379,-10.553162,1.4007263
-0.6131592,-9.966583,1.486908
-0.30430603,-9.399155,1.6976013
-0.19416809,-9.001709,1.9394226
-0.15826416,-8.747925,2.0375824
-0.10079956,-8.697647,1.8723755
0.09074402,-8.843704,1.5276184
0.57437134,-9.140579,1.0583496
1.3261414,-9.315353,0.8021698
2.1952362,-9.4207,0.6896515
3.2558746,-9.415909,0.759079
3.7658386,-9.380005,0.81414795
4.692398,-9.492523,0.7111969
4.5870514,-9.863632,0.6345825
4.146515,-10.337677,0.5651398
3.3755798,-10.852432,0.68725586
2.4657898,-11.477325,0.9027252
1.273468,-12.315292,1.0679321
0.0811615,-13.117355,1.1445465
-1.0919952,-13.900253,1.1182098
-2.1047516,-14.613724,1.0727234
-2.933136,-15.066223,0.9793396
-3.68013,-15.346344,0.9027252
-4.2714996,-15.403809,0.9577942
-5.2076263,-15.64563,1.075119
-6.3784027,-16.047852,1.2834015
-7.7742157,-16.660767,1.6401367
-9.246643,-17.297623,1.8939362
-10.415024,-17.704636,1.9753265
-11.1093445,-17.795624,2.047165
-11.427765,-17.86026,2.08786
-11.693527,-17.891388,2.0543365
-12.129272,-17.857864,1.9681549
-12.665573,-17.661545,1.7263336
-13.316788,-17.436493,1.506073
-14.245743,-17.005539,1.1804504
-14.880203,-16.622467,0.5938721
-15.208206,-16.014328,0.04560852
-15.16272,-15.422958,-0.00227356
-15.040619,-15.018341,-0.11001587
-14.760498,-14.347961,-0.4667511
-14.5928955,-13.96489,-0.7037811
-13.860275,-13.217911,-0.53619385
-13.130051,-12.657669,-0.00227356
-12.655991,-12.138123,0.3400879
-12.627258,-11.628159,0.40953064
-12.605713,-11.324097,0.38796997
-12.35672,-10.325714,0.26107788
-12.344742,-10.002487,0.11503601
-12.2872925,-9.779831,0.17250061
-12.251373,-9.267471,0.65133667
-12.486008,-8.544418,1.1517334
-12.936111,-7.6585693,1.0463867
-13.280884,-6.827774,0.3784027
-13.68071,-5.8365784,-0.35662842
-14.1380005,-4.886078,-0.9216461
-14.449249,-3.961914,-1.2520599
-14.559387,-3.5644836,-1.2496643
-14.616837,-2.862976,-1.0269928
-14.420517,-2.3434448,-0.80433655
-14.1380005,-2.0106506,-0.3183136
-13.850693,-1.7640381,0.2922058
-13.817184,-1.6778564,1.4318542
-13.932098,-1.819107,2.0279999
-13.960831,-1.9507904,2.549942
-13.975204,-2.2883759,2.7582397
-13.958435,-2.4966736,2.7247162
-13.685501,-3.2005615,1.9777222
-13.6017,-3.7823486,1.3384705
-13.580154,-4.091202,1.055954
-13.537064,-4.8238373,0.4885254
-13.587341,-6.150223,-0.40690613
-13.6017,-6.571594,-0.6008301
-13.800415,-8.17572,-0.9503784
-14.011108,-9.265076,-0.8234863
-14.341507,-10.787796,-0.4547882
-14.454041,-11.283386,-0.4260559
-15.217789,-12.925812,-0.34465027
-15.217789,-12.925812,-0.34465027
-15.995911,-14.333603,-0.64152527
-16.362213,-15.030319,-1.0245972
-16.319122,-15.482819,-1.4866791
-16.158707,-15.928146,-1.6111755
-15.998291,-16.55542,-1.3645782
-16.074905,-17.563385,-0.6654663
-16.323914,-18.78682,0.16052246
-16.163498,-19.845062,0.73513794
-15.605652,-20.484314,1.2451019
-14.80838,-20.68782,1.8364716
-13.991959,-20.553741,2.4206543
-13.333557,-20.359802,2.9641418
-12.866684,-20.09166,3.3136902
-12.471634,-19.758865,3.5100098
-12.08139,-19.36142,3.656067
-11.5642395,-18.880188,3.600998
-11.013565,-18.327133,3.3687592
-9.861954,-17.177917,2.3536224
-9.500427,-16.768509,1.992096
-9.019196,-16.10292,1.5012817
-7.917862,-14.865112,1.0822906
-7.5156403,-14.510773,0.9793396
-6.6034546,-13.859558,0.85723877
-5.490143,-13.280151,0.7902069
-4.3145905,-12.79892,0.7255554
-2.6075287,-12.04953,0.80696106
-1.621109,-11.45578,0.7949829
-0.89328,-10.828491,0.78541565
-0.42401123,-10.148544,0.71836853
-0.2899475,-9.8133545,0.67048645
-0.14868164,-9.221985,0.5124817
-0.05770874,-8.735962,0.33052063
0.002151489,-8.513306,0.24911499
0.22241211,-8.091919,0.07911682
0.31100464,-7.9075623,0.16770935
0.49775696,-7.8094025,0.33291626
0.8377228,-7.7184296,0.52204895
1.4386749,-7.486191,0.759079
2.027649,-7.3425293,1.0535583
2.9542084,-7.249161,1.4102936
3.2032013,-7.2276154,1.5228271
3.3588257,-7.399994,1.6233826
3.016449,-7.9315033,1.5348053
2.1090546,-8.774261,1.3193207
1.6062622,-9.162125,1.2427063
1.4147339,-9.3081665,1.2235565
0.7778778,-9.85405,1.2091827
0.51690674,-10.098267,1.2498932
-0.19177246,-10.739899,1.4366302
-1.7480164,-12.018417,1.7406921
-3.194107,-13.217911,1.7670288
-3.8812408,-13.823639,1.6976013
-4.9035645,-14.960876,1.2594604
-5.6625366,-16.045456,0.6345825
-6.5723267,-17.503525,-0.43084717
-6.9745483,-18.068558,-0.6439209
-7.462967,-18.403748,-0.4164734
-7.819702,-18.602463,-0.18902588
-8.82048,-19.12201,0.3209381
-10.740631,-19.907303,1.0655365
-11.822815,-20.256851,1.3025665
-12.574585,-20.429245,1.5228271
-12.85231,-20.443604,1.6353607
-13.4101715,-20.163483,1.9944916
-13.891403,-19.9935,2.1716614
-14.418121,-19.732529,2.312912
-15.028641,-19.24411,2.3631897
-15.529037,-18.45163,1.9944916
-16.08928,-17.680695,1.4629669
-16.51065,-16.562607,0.77822876
-16.666275,-15.609711,-0.26564026
-16.278427,-14.594574,-1.2161407
-15.426086,-13.545914,-1.7811737
-14.468399,-12.801315,-1.9846802
-13.412567,-12.219528,-1.972702
-12.524307,-11.709564,-1.7332916
-11.820419,-11.273819,-1.1538849
-11.279327,-10.852432,-0.43084717
-10.87471,-10.4095,0.11982727
-10.707108,-10.15094,0.34487915
-10.46051,-9.581116,0.63697815
-10.379105,-9.0903015,0.59147644
-10.288132,-8.479782,0.13418579
-10.166016,-8.063187,-0.12438965
-10.067856,-7.732788,-0.06452942
-9.974487,-7.332962,-0.0262146
-10.00322,-7.004944,0.06236267
-10.156448,-6.7224426,0.11982727
-10.237854,-6.380066,0.29460144
-10.292923,-6.052063,0.44543457
-10.304886,-5.7096863,0.5962677
-10.324036,-5.40802,0.6848602
-10.407837,-4.9986115,0.7614746
-10.601761,-4.5437164,0.77822876
-10.97287,-4.1965485,0.7327423
-11.317627,-3.823059,0.50050354
-11.573807,-3.538147,0.4478302
-11.841965,-3.3370361,0.52923584
-11.949707,-3.2676086,0.5747223
-12.447693,-3.4447784,0.72795105
-12.83316,-3.7464447,0.84288025
-13.161163,-4.2348633,0.8739929
-13.347916,-5.2763367,0.4837494
-13.319183,-5.6187134,0.27305603
-13.350311,-6.363312,-0.1411438
-13.6017,-7.3664703,-0.4260559
-13.994354,-8.611465,-0.5098572
-14.449249,-10.100647,-0.3685913
-14.829926,-11.697586,-0.16029358
-15.0047,-13.153259,-0.00227356
-15.066956,-14.496414,0.01927185
-14.961609,-15.576187,-0.11480713
-14.643173,-16.16278,-0.24409485
-14.384613,-16.25615,-0.18902588
-14.339111,-16.198685,-0.11959839
-14.482773,-16.332764,-0.05255127
-14.693451,-16.82837,-0.007064819
-14.813171,-17.65915,-0.00227356
-14.722183,-18.114044,-0.016647339
-14.039841,-19.51944,0.17729187
-13.4149475,-20.321503,0.5555725
-12.818802,-20.92244,1.1182098
-12.244186,-21.202576,1.7526703
-11.80127,-21.149902,2.597824
-11.427765,-20.886536,3.2921448
-11.085403,-20.544159,3.8499908
-10.654434,-19.995895,4.189972
-10.177994,-19.344666,4.273758
-9.744644,-18.803574,4.1013794
-9.41185,-18.485153,3.751831
-8.944977,-18.025467,3.320877
-8.427826,-17.48677,2.9378052
-7.8125153,-16.780472,2.688797
-7.0751038,-15.935318,2.42305
-6.3424835,-15.080597,2.130951
-5.645767,-14.247406,1.8915405
-5.2794495,-13.833221,1.7622528
-4.5276794,-13.002426,1.4893036
-3.1605835,-11.858002,1.1014404
-2.6937256,-11.55394,0.96258545
-1.2643738,-10.826096,0.625
-0.47668457,-10.555557,0.5843048
0.35888672,-10.083893,0.58909607
1.1154633,-9.468582,0.62739563
1.4745941,-8.905945,0.86442566
1.4769745,-8.374435,1.09906
1.0675659,-7.909958,1.3408661
0.3660736,-7.514923,1.585083
-0.3426056,-7.1222687,1.7215424
-0.948349,-6.755951,1.6353607
-1.3050842,-6.4303436,1.2546692
-1.3386078,-6.198105,0.69921875
-1.1183319,-6.1214905,0.12939453
-0.7448425,-6.3273926,-0.3973236
-0.20854187,-6.7272186,-0.66308594
0.2798767,-7.253952,-0.68463135
0.57676697,-7.811798,-0.32310486
0.78504944,-8.235565,0.40473938
0.9670105,-8.472595,1.2786255
0.9167328,-8.759903,2.063919
0.5336609,-9.253113,2.5714874
-0.11515808,-9.9761505,2.8420258
-0.869339,-10.866806,2.8516083
-1.5804138,-11.913071,2.6816254
-2.0808105,-12.990463,2.4278412
-2.3728943,-13.938553,2.075882
-2.6578064,-14.575424,1.5683136
-2.8158264,-14.903427,1.079895
-3.1845245,-15.202698,0.95539856
-4.123062,-15.597748,1.1684875
-5.4805756,-16.074188,1.565918
-6.7782288,-16.474014,1.8508301
-8.073486,-16.96962,1.9657593
-9.055115,-17.412552,1.9154816
-9.7183075,-17.793228,1.7933655
-10.261795,-18.190659,1.668869
-10.759781,-18.449234,1.5467682
-11.346359,-18.580917,1.4893036
-12.3710785,-18.542603,1.2187653
-13.051041,-18.43248,0.92427063
-13.355103,-18.322342,0.7949829
-14.001541,-17.764496,0.04081726
-13.946472,-17.503525,-0.49787903
-13.644791,-16.940887,-0.69898987
-13.434113,-16.715836,-0.5601349
-13.158768,-16.148407,-0.57928467
-13.000763,-15.590561,-0.26324463
-12.854706,-15.061447,0.21080017
-12.651199,-14.6089325,0.6968231
-12.483612,-14.362335,0.84765625
-12.191513,-13.797302,1.000885
-12.016739,-12.971298,1.0415955
-11.959274,-12.34642,1.1230011
-11.925766,-11.716736,1.2666473
-11.952103,-11.41507,1.3504486
-12.02153,-10.80455,1.4605713
-12.270523,-9.772644,1.5252228
-12.495575,-9.061569,1.4294586
-12.730209,-8.379227,1.079895
-12.818802,-7.70166,0.53163147
-12.962448,-7.1102905,0.07673645
-12.993576,-6.523712,-0.3111267
-12.928925,-5.9323425,-0.5720978
-12.701477,-5.367325,-0.6008301
-12.478821,-4.8166504,-0.552948
-12.284897,-4.395279,-0.5960388
-12.038284,-4.08403,-0.6247711
-11.762955,-3.8996735,-0.5936432
-11.561844,-3.858963,-0.44281006
-11.439743,-3.835022,-0.28718567
-11.446915,-3.799118,-0.20100403
-11.774933,-3.8398132,-0.23930359
-11.774933,-3.8398132,-0.23930359
-12.775696,-4.0983887,-0.983902
-13.1875,-4.431183,-1.4316254
-13.4891815,-4.9243927,-1.7117462
-13.668747,-5.561249,-1.7835693
-13.872253,-6.392029,-1.5130157
-14.159546,-7.471817,-1.0150299
-14.614456,-8.939468,-0.5816803
-15.074142,-10.536392,-0.29437256
-15.49791,-12.039963,-0.09805298
-15.816345,-13.368744,-0.23451233
-15.952805,-14.331207,-0.62716675
-15.677475,-14.769348,-1.0485382
-15.196243,-14.963272,-1.3190918
-14.765289,-15.13327,-1.141922
-14.456436,-15.456482,-0.47154236
-14.15477,-16.026306,0.4478302
-13.879425,-16.991165,1.3863525
-13.572968,-18.185867,2.2554474
-13.151596,-19.229752,2.9617462
-12.811615,-20.094055,3.380722
-12.543472,-20.615982,3.7183075
-12.210678,-20.994278,3.3424225
-11.786896,-21.190598,2.3631897
-11.523529,-21.327072,1.4246674
-11.248199,-21.125946,0.70880127
-10.980057,-20.740494,0.22996521
-10.573044,-20.252075,0.05278015
-10.175598,-19.739716,0.2131958
-9.790131,-19.081299,0.9075165
-9.397491,-18.355865,1.8628082
-8.909073,-17.68309,2.798935
-8.430222,-17.055817,3.5794525
-7.9202576,-16.481201,4.1085663
-7.4773407,-16.033493,4.3455963
-6.794983,-15.401413,4.3000946
-5.9618073,-14.735825,4.0295563
-5.14299,-14.106155,3.5866241
-4.2906494,-13.462112,2.9904785
-3.4478912,-12.806107,2.4924774
-2.7368164,-12.186005,2.118988
-2.21727,-11.728714,1.747879
-1.5684509,-11.271423,1.4318542
-0.8717346,-10.766235,1.3121338
-0.17501831,-10.220367,1.2043915
0.4642334,-9.583511,1.1373596
0.92152405,-9.004105,1.1062317
1.1489716,-8.506119,1.0870819
1.165741,-8.130234,1.103836
1.1681213,-7.7974396,1.1708832
1.2710724,-7.502945,1.1828461
1.4123383,-7.249161,1.1062317
1.4913483,-7.174942,1.055954
1.620636,-7.1246643,0.95539856
1.9606171,-7.241974,0.7542877
2.3053741,-7.4191437,0.71836853
2.5519714,-7.6753235,0.838089
2.6357727,-7.9722137,1.103836
2.578308,-8.1254425,1.3049622
2.027649,-8.568359,1.9513855
1.4578247,-8.920319,2.10701
0.7012634,-9.447037,2.0208282
0.24157715,-9.85405,1.905899
-1.0489044,-11.47493,1.292984
-1.6785736,-12.655273,0.94104004
-2.2483978,-13.861938,0.72795105
-2.5045776,-14.958496,0.6680908
-2.7200623,-15.849136,0.79977417
-3.1917114,-16.505142,0.9649811
-3.929123,-16.974411,1.3097382
-5.1836853,-17.474792,1.7167511
-6.94104,-18.068558,2.0016632
-8.842026,-18.588104,2.130951
-10.261795,-18.956802,2.1022186
-11.080612,-19.232147,1.9394226
-11.363129,-19.301575,1.8149261
-11.456497,-19.277634,1.802948
-11.662399,-19.418884,1.8556213
-11.8611145,-19.488327,1.9489899
-13.01033,-19.428467,2.1333466
-14.231384,-19.14116,1.9202576
-15.244125,-18.588104,1.348053
-15.6080475,-18.183487,0.97694397
-15.959991,-16.931305,-0.29197693
-15.308762,-15.861099,-1.5800629
-14.9664,-15.604919,-1.8553925
-14.293625,-15.185944,-1.9056702
-13.728592,-14.970459,-1.3717651
-13.139618,-14.702316,-0.49787903
-12.445297,-14.35994,0.3688202
-11.853928,-13.960114,1.1780548
-11.487625,-13.45015,1.7526703
-11.509171,-13.170013,1.9633636
-11.76535,-12.494858,2.2075653
-12.004776,-11.132553,1.8292847
-12.098145,-10.332886,1.2642517
-12.026321,-9.51886,0.7949829
-11.887451,-8.721588,0.50050354
-11.7222595,-8.070374,0.28024292
-11.554657,-7.514923,0.21080017
-11.418198,-7.033676,0.3688202
-11.411011,-6.593155,0.6441498
-11.473251,-5.8485565,1.0272217
-11.504379,-5.5803986,1.0846863
-11.624084,-5.1422577,1.0511627
-11.693527,-4.723282,0.88597107
-11.640854,-4.3378143,0.7111969
-11.425369,-3.9427643,0.5388031
-11.214676,-3.6626434,0.4478302
-11.171585,-3.507019,0.47177124
-11.245804,-3.423233,0.49092102
-11.358337,-3.3992767,0.45741272
-11.511566,-3.428009,0.41430664
-11.755768,-3.5453339,0.35446167
-12.320801,-3.9834747,0.2778473
-12.497971,-4.167816,0.21798706
-12.842743,-4.629898,0.07194519
-13.003159,-5.522934,-0.27282715
-12.945694,-5.8437653,-0.33267212
-12.814011,-6.566818,-0.24169922
-13.094131,-7.668152,0.08390808
-14.051819,-10.019257,0.62260437
-14.367844,-10.850037,0.7902069
-15.193848,-13.189178,0.8117523
-15.485931,-14.292908,0.24432373
-15.536224,-14.903427,-0.54096985
-15.371017,-15.126083,-1.0677032
-15.215393,-15.085388,-1.1107941
-14.892181,-14.999191,-0.766037
-14.497131,-15.485214,0.3784027
-14.054199,-16.263336,1.0822906
-13.862671,-16.82837,1.4318542
-13.4939575,-18.161926,2.0495453
-12.933716,-19.414093,2.5666962
-12.158005,-20.199402,3.170044
-11.343964,-20.613602,3.6440887
-10.65683,-20.709366,3.8451996
-10.170807,-20.592041,3.8811188
-9.885895,-20.158691,3.514801
-9.82605,-19.924057,3.3424225
-9.890686,-19.540985,2.7462616
-9.818863,-19.46437,2.6217651
-9.289749,-18.84668,2.7797852
-8.727112,-17.948853,3.1125793
-8.298538,-17.08693,3.5339508
-7.8484344,-16.320786,3.830841
-7.2762146,-15.573807,3.9290009
-6.6537323,-14.905823,3.838028
-5.949829,-14.252197,3.562683
-5.245941,-13.663223,3.1341248
-4.870041,-13.363953,2.877945
-3.7016754,-12.353592,2.0591278
-3.1294708,-11.699982,1.6185913
-2.7344208,-11.1540985,1.2570648
-2.4423218,-10.656113,1.000885
-2.2675476,-10.241913,0.90512085
-2.174179,-9.887573,0.92427063
-2.0185547,-9.492523,0.9865265
-1.731247,-9.061569,1.0344086
-1.4487305,-8.599487,1.0846863
-1.1494598,-8.127838,1.1397552
-0.87413025,-7.6873016,1.1876373
-0.6490631,-7.3425293,1.237915
-0.42640686,-7.057617,1.2666473
-0.19895935,-6.9163666,1.2857971
0.05961609,-6.9091797,1.3360748
0.34213257,-6.9642487,1.5132446
0.6437988,-7.112686,1.7550659
0.8497009,-7.431122,1.9298401
1.0436249,-7.763916,2.0926514
1.1082764,-8.154175,2.233902
1.1322174,-8.539642,2.2051697
1.1298218,-8.769485,2.1261597
1.000534,-9.042419,1.9250488
0.7180176,-9.427887,1.6593018
0.23439026,-10.059952,1.4126892
-0.40246582,-10.905106,1.3241119
-1.2236786,-11.893906,1.2786255
-2.2316437,-13.028763,1.1876373
-3.1438293,-14.0056,0.9937134
-3.8477173,-14.867508,0.7806244
-4.5444336,-15.626465,0.54599
-4.992157,-16.155594,0.52204895
-5.289032,-16.435715,0.80696106
-5.7151947,-16.718231,1.2594604
-6.426285,-17.022293,1.8340759
-7.4486084,-17.288055,2.4661407
-8.6983795,-17.671127,2.810913
-10.060684,-18.07814,2.9282227
-11.384674,-18.267273,2.9402008
-12.143631,-18.27446,2.8396454
-12.5290985,-18.272064,2.6385193
-12.773315,-18.279251,2.4015045
-13.082153,-18.279251,2.3296661
-13.498749,-18.001526,2.2722168
-14.006317,-17.769287,1.9753265
-14.47319,-17.36705,1.7909851
-14.920914,-16.849915,1.5276184
-15.167511,-16.124466,1.0822906
-15.038223,-15.353531,0.21559143
-14.703033,-14.64006,-0.49069214
-14.231384,-14.055878,-1.0054474
-13.738174,-13.426193,-1.2328949
-13.230606,-12.777374,-1.2879639
-12.780487,-12.135727,-1.3143005
-12.459671,-11.498871,-1.2185364
-12.225037,-10.835678,-1.0916443
-12.141235,-10.182053,-1.0245972
-12.162781,-9.5212555,-1.0916443
-12.031113,-8.795807,-1.2831726
-11.841965,-8.144592,-1.3693695
-11.674362,-7.589142,-1.3765564
-11.480438,-7.0743866,-1.2496643
-11.322418,-6.5524445,-1.0413666
-11.202713,-6.123886,-0.8378601
-11.066238,-5.7312317,-0.62716675
-10.948929,-5.3002777,-0.39971924
-10.948929,-4.929184,-0.26324463
-10.948929,-4.6035614,-0.18423462
-10.920197,-4.218094,-0.07888794
-10.862732,-3.937973,0.036026
-10.781326,-3.756012,0.11743164
-10.613739,-3.5477295,0.24671936
-10.4653015,-3.2723846,0.3496704
-10.529938,-3.0449371,0.3400879
-10.757385,-2.9922638,0.1796875
-11.083008,-3.0641022,0.004898071
-11.456497,-3.2508392,-0.10044861
-11.808441,-3.4208374,-0.16268921
-12.146027,-3.7775726,-0.23690796
-12.488403,-4.2994995,-0.36140442
-12.746979,-4.9028473,-0.5385742
-12.950485,-5.6642,-0.7325134
-13.094131,-6.566818,-0.8857422
-13.311996,-7.6801147,-0.96954346
-13.730988,-9.075943,-0.8809509
-14.152374,-10.593857,-0.7803955
-14.458832,-12.054321,-0.63435364
-14.6479645,-13.294525,-0.5266113
-14.858658,-14.376694,-0.5816803
-14.995132,-15.26973,-0.8689728
-14.935272,-15.748581,-1.141922
-14.817963,-16.055038,-1.1036072
-14.71022,-16.347122,-0.7397003
-14.466003,-16.682312,-0.19381714
-14.104477,-17.199463,0.4693756
-13.611282,-17.87703,1.0894775
-13.125259,-18.67189,1.8125305
-12.782883,-19.418884,2.518814
-12.603317,-20.084473,3.0455322
-12.497971,-20.656693,3.3232727
-12.29686,-21.013428,3.3903046
-11.868301,-21.039764,3.3256683
-11.267349,-20.795547,3.3591766
-10.616135,-20.283188,3.5435333
-10.055893,-19.591263,3.6440887
-9.675217,-18.992722,3.6369019
-9.2873535,-18.331924,3.8092957
-8.913849,-17.728577,3.96492
-8.458954,-17.175522,3.976883
-7.867584,-16.562607,3.8069
-7.2666473,-16.04306,3.5531158
-6.668091,-15.650421,3.301712
-5.624222,-14.714279,2.8324585
-5.253128,-14.347961,2.66008
-4.0344696,-13.181992,2.1620789
-3.6154938,-12.7630005,2.016037
-2.8277893,-11.944183,1.7047882
-2.1167145,-11.228317,1.3863525
-1.5516815,-10.742294,1.1206055
-0.7568054,-10.205994,0.8955536
-0.43598938,-9.916306,0.89315796
-0.25881958,-9.619415,0.8739929
-0.19177246,-9.454224,0.8692169
0.10270691,-8.963409,0.78302
0.36128235,-8.587524,0.62260437
0.6437988,-8.21402,0.44303894
0.9550476,-7.933899,0.33529663
1.2782593,-7.744766,0.30418396
1.4721985,-7.6825104,0.33769226
2.075531,-7.749542,0.49571228
2.2981873,-7.8477173,0.59147644
2.640564,-8.07756,0.9314575
2.932663,-8.5013275,1.5731049
2.9972992,-8.781448,1.8987122
2.9182892,-9.051987,2.0854645
2.6525269,-9.370422,2.118988
2.166504,-9.832504,1.996872
1.807373,-10.141357,1.9513855
0.50971985,-11.247482,2.0303955
-0.58921814,-12.236282,2.2506714
-1.6642151,-13.378311,2.3536224
-2.6625977,-14.49881,2.071106
-3.5915375,-15.470856,1.6233826
-4.336136,-16.229813,1.0870819
-4.98497,-16.715836,0.36642456
-5.660141,-16.928925,-0.4332428
-6.641754,-17.177917,-1.0820618
-8.111801,-17.56099,-1.2520599
-9.991241,-18.039825,-0.98150635
-11.683945,-18.39656,-0.4332428
-12.837952,-18.528244,0.3065796
-13.4101715,-18.51149,1.0511627
-13.592133,-18.406143,1.779007
-13.695084,-18.322342,2.3272858
-13.742966,-18.224182,2.6576843
-13.89859,-17.93927,2.9210358
-14.403763,-17.50113,3.2131348
-15.327927,-16.955261,2.8994904
-16.005478,-16.390228,2.4039001
-16.151535,-15.537888,2.0591278
-15.89534,-14.407822,1.4438171
-15.512268,-13.797302,0.6728821
-14.937668,-13.01918,-0.0501709
-14.248138,-12.50444,-0.11480713
-13.429321,-12.135727,0.35446167
-12.538681,-11.582672,0.9290619
-11.949707,-11.053543,1.3336792
-11.624084,-10.553162,1.6209869
-11.504379,-10.01207,1.8005524
-11.54509,-9.372818,1.747879
-11.576202,-8.712021,1.4150848
-11.600143,-8.09671,1.0415955
-11.490021,-7.486191,0.6680908
-11.339188,-6.918762,0.37121582
-11.176376,-6.408798,0.19165039
-11.013565,-5.934738,0.15812683
-10.968079,-5.558853,0.26586914
-10.963287,-5.2164764,0.411911
-11.159622,-4.9555206,0.4885254
-11.300873,-4.67778,0.4550171
-11.30806,-4.3856964,0.44303894
-11.236237,-4.1247253,0.4765625
-11.178772,-4.000229,0.47416687
-11.080612,-3.8852997,0.54599
-10.960892,-3.7631989,0.7303467
-10.77655,-3.5812378,1.1469421
-10.774155,-3.3753357,1.6257782
-11.078217,-3.3466034,1.9633636
-11.549866,-3.4304047,2.1644745
-12.124481,-3.6458893,2.0974426
-12.660782,-3.969101,1.6904144
-13.122864,-4.400055,1.079895
-13.328766,-4.8525696,0.40953064
-13.412567,-5.400833,-0.12199402
-13.4891815,-6.099945,-0.4045105
-13.577759,-6.954666,-0.45718384
-13.769302,-8.032059,-0.24649048
-14.0829315,-9.315353,0.031234741
-14.454041,-10.617798,0.30178833
-14.71022,-11.728714,0.43107605
-14.98555,-12.715118,0.31375122
-15.311157,-13.526764,0.05996704
-15.543396,-14.087006,-0.21296692
-15.435654,-14.307266,-0.1986084
-14.98555,-14.431763,-0.0836792
-14.518677,-14.771744,0.13179016
-14.018295,-15.363113,0.54359436
-13.472412,-16.100525,1.213974
-12.857101,-16.888214,2.1094055
-12.323196,-17.553802,3.0335693
-12.107727,-18.183487,3.7901306
-12.253769,-18.975967,4.060684
-12.459671,-19.466766,4.115753
-12.43573,-19.660706,3.735077
-12.10054,-19.490707,3.380722
-11.657608,-19.160309,3.1221466
-11.099762,-18.6288,3.012024
-10.541916,-17.970398,3.0072327
-10.031952,-17.278473,2.9402008
-9.632111,-16.67752,2.956955
-9.373535,-16.119675,3.1221466
-9.059906,-15.62886,3.2250977
-8.588242,-15.142838,3.1772156
-8.039978,-14.678375,3.0431519
-7.4893036,-14.139679,2.9402008
-6.8332977,-13.581818,2.7606354
-6.0815125,-13.050308,2.478119
-5.214813,-12.578659,2.0663147
-4.3936005,-12.126144,1.747879
-3.593933,-11.61618,1.5156403
-2.8373718,-11.115799,1.3456573
-2.1430511,-10.553162,1.2738342
-1.6450653,-10.038406,1.3121338
-1.3122711,-9.545197,1.2857971
-1.003418,-9.032837,1.2857971
-0.78074646,-8.587524,1.269043
-0.54133606,-8.142197,1.1804504
-0.32106018,-7.7351837,0.96258545
-0.12713623,-7.3832397,0.7255554
0.18171692,-7.052841,0.5388031
0.4642334,-6.8684845,0.4262848
0.7419586,-6.81102,0.40473938
1.0723572,-6.8541107,0.47177124
1.3955841,-6.9786224,0.6321869
1.6852722,-7.2036743,0.8189392
1.9893341,-7.538864,1.1206055
2.1832733,-7.7423706,1.4988861
2.05159,-7.9793854,1.7526703
1.6110535,-8.412735,1.9035034
0.7611084,-8.961014,2.0256042
0.43310547,-9.200439,2.0303955
-0.3426056,-9.806168,2.0136414
-1.1805878,-10.675262,2.0327911
-2.0281372,-11.8220825,2.0687103
-2.6194916,-12.923416,2.1046143
-3.0408783,-13.80928,2.039978
-3.4933777,-14.5299225,1.8125305
-4.3983917,-15.221848,1.3504486
-4.7503357,-15.370285,1.2738342
-5.8181458,-15.595352,1.2331238
-7.7191467,-15.825195,1.3624115
-8.703171,-15.9999695,1.3672028
-9.170029,-16.174744,1.3289032
-10.333618,-17.010315,1.2714386
-10.606552,-17.295227,1.3121338
-11.025543,-17.845901,1.5228271
-11.315247,-18.286438,1.9011078
-11.954498,-18.667114,2.4182587
-12.359116,-18.72696,2.5379639
-13.221024,-18.664719,2.58107
-14.147583,-18.398956,2.5116272
-15.035828,-17.853073,2.1644745
-15.866623,-17.331146,1.5635223
-16.2473,-16.69429,0.9937134
-16.180252,-15.935318,0.4693756
-15.648743,-14.786102,-1.1921997
-15.421295,-14.491623,-1.6662445
-14.49234,-13.373535,-1.9631348
-14.262497,-13.117355,-1.8266602
-13.802811,-12.691177,-1.3166962
-13.082153,-11.838852,-0.6223755
-12.782883,-11.292969,-0.33267212
-12.644028,-11.012848,-0.19621277
-12.545853,-10.490906,0.07911682
-12.507553,-9.667297,0.3496704
-12.493179,-9.372818,0.36642456
-12.495575,-8.496536,0.28981018
-12.430939,-7.917145,0.031234741
-12.342346,-7.3473206,-0.2321167
-12.256165,-6.7583466,-0.4835205
-12.227432,-6.2005005,-0.6247711
-12.131668,-5.819824,-0.63435364
-11.978439,-5.3433685,-0.5553436
-11.932938,-4.9243927,-0.2967682
-11.873093,-4.443161,-0.09326172
-11.846756,-4.0696564,0.02645874
-11.724655,-3.732071,0.03842163
-11.442139,-3.3466034,0.028839111
-11.241013,-3.107193,0.01687622
-11.135681,-3.020996,-0.009460449
-11.099762,-2.9779053,-0.05734253
-11.138062,-2.9826965,-0.06932068
-11.3511505,-3.076065,-0.14353943
-11.7030945,-3.2915497,-0.32789612
-12.124481,-3.5908203,-0.56251526
-12.5841675,-3.9762878,-0.82588196
-12.837952,-4.3785095,-1.2400818
-12.967239,-4.898056,-1.6255493
-13.153992,-5.6306763,-1.7261047
-13.477203,-6.7272186,-1.5345612
-13.884216,-8.168533,-1.0844574
-14.336716,-9.93306,-0.57688904
-14.820358,-11.73111,-0.09326172
-15.198639,-13.287338,0.1796875
-15.342285,-14.314453,0.24432373
-15.406937,-14.891449,0.28981018
-15.426086,-15.027924,0.25390625
-15.454819,-15.094955,0.25630188
-15.3806,-15.066223,0.411911
-15.08371,-15.188339,0.71836853
-14.6719055,-15.602524,1.1565094
-14.33194,-16.43332,1.6521149
-13.984772,-17.570557,2.1213837
-13.611282,-18.722168,2.676834
-13.244965,-19.619995,3.2227173
-12.86908,-20.17546,3.5124054
-12.488403,-20.453186,3.600998
-12.13884,-20.60402,3.483673
-11.717468,-20.592041,3.308899
-11.233841,-20.299957,3.272995
-10.759781,-19.73732,2.9689178
-10.36235,-19.14116,2.6433105
-9.943359,-18.35347,2.557129
-9.517197,-17.589722,2.4757233
-9.158066,-16.964828,2.5044556
-8.815689,-16.323181,2.605011
-8.4613495,-15.681534,2.7055664
-8.042358,-15.078201,2.7462616
-7.5323944,-14.441345,2.6816254
-6.86203,-13.747025,2.5379639
-6.155731,-13.117355,2.3296661
-5.4422607,-12.502045,2.0615234
-4.659363,-11.812515,1.723938
-4.020111,-11.254654,1.4390259
-3.4383087,-10.799759,1.2043915
-2.8900452,-10.373596,1.0846863
-2.3800812,-9.928268,1.0080719
-2.0185547,-9.595474,0.99850464
-1.7408295,-9.210007,0.9649811
-1.5061951,-8.755112,0.94104004
-1.3409882,-8.350494,0.84765625
-1.106369,-7.9841766,0.62739563
-0.7735748,-7.6801147,0.34727478
-0.22529602,-7.3712616,0.09828186
0.43070984,-7.1533966,-0.14833069
1.0460205,-7.071991,-0.32310486
1.6325989,-7.0384674,-0.32789612
1.9558258,-7.0289,0.04800415
1.9797668,-7.162964,0.4693756
1.9462433,-7.253952,0.7902069
1.8097687,-7.3592987,1.0080719
1.5942993,-7.490967,1.0487823
1.3500824,-7.593918,1.0583496
1.0268707,-7.795044,1.0774994
0.6270447,-8.144592,1.1182098
0.18411255,-8.625824,1.3408661
-0.36416626,-9.289017,1.5970459
-1.027359,-10.177261,1.779007
-1.6618195,-11.149307,1.8508301
-2.2795258,-12.080658,1.8867493
-2.981018,-12.93779,1.8388672
-3.9315186,-13.816452,1.7119751
-4.791046,-14.573029,1.5348053
-5.430298,-15.145233,1.2738342
-6.2227783,-15.679138,1.1182098
-7.0032806,-16.007156,1.1325684
-7.925049,-16.402191,1.2403107
-9.062302,-17.00792,1.2043915
-10.316864,-17.587326,1.1972198
-11.461288,-18.015884,1.2714386
-12.299255,-18.202637,1.3193207
-12.950485,-18.27446,1.4414215
-13.472412,-18.154755,1.609024
-14.013504,-17.972794,1.8388672
-14.815567,-17.78125,1.7287292
-15.529037,-17.335938,1.4893036
-15.809158,-16.553024,1.1421509
-16.029419,-15.954483,0.39994812
-16.134766,-15.908981,-0.32070923
-16.661499,-16.150803,-1.2328949
-15.600861,-15.061447,-1.9224243
-14.549805,-14.513168,-1.9415894
-13.972809,-14.158829,-1.5130157
-13.647186,-14.003204,-0.8929291
-13.1970825,-13.816452,-0.15310669
-12.426147,-13.057495,0.9386444
-12.208282,-12.727097,1.2738342
-11.930542,-12.044739,1.779007
-11.858719,-11.393524,1.992096
-11.906601,-10.747086,1.960968
-12.05983,-10.01207,1.7383118
-12.29686,-9.327332,1.4845276
-12.545853,-8.197266,1.0966644
-12.565018,-7.8213806,0.97216797
-12.598526,-7.0624084,0.78302
-12.646408,-6.245987,0.70880127
-12.610504,-5.748001,0.74949646
-12.574585,-5.5564575,0.7878113
-12.392624,-4.862137,0.9362488
-12.339951,-4.459915,0.9530029
-12.404602,-4.1247253,0.8596344
-12.557831,-3.8206635,0.6178131
-12.694305,-3.490265,0.2634735
-12.713455,-3.3059082,0.05278015
-12.667969,-2.9922638,-0.51223755
-12.658386,-2.9659271,-0.60801697
-12.495575,-3.11438,-0.710968
-12.445297,-3.217331,-0.6822357
-12.383057,-3.5261688,-0.51223755
-12.383057,-3.9188232,-0.30155945
-12.313629,-4.546112,-0.1411438
-12.53389,-4.9626923,-0.20100403
-12.682327,-5.1757812,-0.339859
-12.962448,-5.5516663,-0.73490906
-13.211441,-6.210083,-1.2951508
-13.436508,-6.8756714,-1.2903595
-13.666351,-7.8022156,-0.9479828
-13.965622,-9.071152,-0.5170288
-14.145187,-9.806168,-0.28001404
-14.597687,-12.023193,0.34487915
-14.798798,-13.316071,0.4550171
-14.820358,-14.240234,0.3784027
-14.750916,-14.513168,0.3209381
-14.597687,-14.936935,0.33529663
-14.535446,-15.09256,0.34487915
-14.466003,-15.173965,0.3975525
-14.255325,-15.674362,0.86442566
-14.051819,-16.244171,1.3241119
-13.798019,-17.07257,1.9298401
-13.613678,-17.970398,2.605011
-13.975204,-18.997513,3.114975
-14.446854,-19.861816,3.193985
-14.722183,-20.414871,2.8851318
-14.700638,-20.656693,2.277008
-14.39418,-20.659088,1.6497192
-13.941681,-20.508255,1.1876373
-13.328766,-20.206573,1.0727234
-12.59375,-19.72055,1.3336792
-11.767746,-19.124405,1.6712646
-10.939346,-18.576126,2.1932068
-10.06546,-17.884201,2.815689
-9.229889,-17.17073,3.3687592
-8.480499,-16.474014,3.739853
-7.8532257,-15.832367,3.9481506
-7.2187653,-15.166779,3.9792786
-6.534012,-14.458099,3.9146423
-5.8181458,-13.744629,3.7159119
-5.135803,-13.095795,3.3903046
-4.4414825,-12.480484,2.9928741
-3.8716736,-12.013626,2.5212097
-3.419159,-11.599426,2.1118011
-3.0863647,-11.216354,1.8652039
-2.7607574,-10.775818,1.8628082
-2.3704987,-10.306549,2.071106
-1.8677216,-9.681671,2.3200989
-1.3218384,-8.975372,2.3296661
-0.94595337,-8.441467,2.051941
-0.5940094,-7.9506683,1.6209869
-0.2612152,-7.4646454,1.1517334
0.03807068,-7.0935364,0.69921875
0.31819153,-6.7727203,0.24432373
0.6437988,-6.5285034,-0.15310669
0.95744324,-6.404007,-0.38056946
1.2351685,-6.3944244,-0.44760132
1.407547,-6.420761,-0.32070923
1.4195251,-6.5644226,-0.08128357
1.3165741,-6.8253937,0.19883728
1.1537628,-7.1486053,0.46218872
1.0603943,-7.452667,0.74949646
0.9670105,-7.550827,1.2403107
0.69647217,-7.5963135,1.6640778
0.1386261,-7.8764343,1.9346313
-0.57724,-8.405563,2.0854645
-1.3386078,-9.061569,2.18602
-2.2124786,-9.85405,2.26503
-3.1007385,-10.799759,2.1908112
-3.7878723,-11.673645,1.984909
-4.309799,-12.612167,1.6784515
-4.714432,-13.536331,1.3552399
-5.3105774,-14.395859,1.0080719
-5.8827972,-15.075806,0.57951355
-6.522049,-15.715057,0.25868225
-7.257065,-16.251358,0.07434082
-8.114197,-16.541061,0.11743164
-9.17482,-16.816391,0.3065796
-10.304886,-17.213821,0.52204895
-11.38707,-17.671127,0.5651398
-12.565018,-18.092499,0.6178131
-13.446075,-18.25531,0.71836853
-14.049423,-18.300797,0.8189392
-14.535446,-18.29361,0.9386444
-14.928085,-18.126022,0.97694397
-15.313553,-17.845901,0.97216797
-15.87619,-17.386215,0.5675354
-16.38855,-17.15158,0.007293701
-16.620789,-16.804413,-0.19621277
-16.532211,-16.167557,0.08151245
-16.436432,-15.619293,-0.4164734
-16.44841,-15.094955,-0.53619385
-16.311935,-14.632874,-0.38534546
-15.773239,-14.070236,-0.007064819
-14.932877,-13.383102,0.0934906
-14.197861,-12.7630005,-0.16268921
-13.663956,-12.209946,-0.34225464
-13.223419,-11.527603,-0.29916382
-12.79007,-10.847641,-0.13395691
-12.43573,-10.205994,0.12461853
-12.105331,-9.602661,0.31614685
-11.908997,-8.982559,0.36402893
-11.710281,-8.316971,0.34487915
-11.516357,-7.5484314,0.28024292
-11.542694,-6.897217,0.23234558
-11.650421,-6.3106384,0.2634735
-11.760559,-5.791092,0.36642456
-11.774933,-5.32901,0.49571228
-11.76535,-4.929184,0.5388031
-11.664795,-4.5365295,0.55796814
-11.573807,-4.1367035,0.5124817
-11.557053,-3.8374176,0.44303894
-11.413406,-3.4782867,0.37361145
-11.264969,-3.1335297,0.328125
-11.279327,-2.9946594,0.24432373
-11.30806,-2.901291,0.13179016
-11.446915,-2.8749542,-0.021438599
-11.657608,-2.8582,-0.17706299
-11.715073,-2.886917,-0.24888611
-11.695923,-3.0162048,-0.37338257
-11.729431,-3.3370361,-0.4547882
-11.616913,-3.8613586,-0.6032257
-11.619308,-4.1462708,-0.6582947
-11.777313,-5.0345306,-0.794754
-11.849152,-6.013748,-0.72532654
-11.846756,-7.160568,-0.37098694
-11.877884,-7.534073,-0.25605774
-12.102936,-8.309784,-0.04058838
-12.646408,-9.257889,0.20362854
-13.259338,-10.3233185,0.31614685
-13.75972,-11.405487,0.43347168
-14.171524,-12.50444,0.45741272
-14.442062,-13.608154,0.2993927
-14.4300995,-14.458099,0.20123291
-14.0159,-15.078201,0.47416687
-13.666351,-15.123688,0.7949829
-13.580154,-15.157211,0.9458313
-13.398193,-15.2769165,1.395935
-13.254547,-15.298462,1.589859
-13.122864,-15.552246,2.1572876
-13.30722,-16.569794,3.3543854
-13.300034,-17.355087,4.0104065
-13.204269,-17.690277,4.2665863
-12.962448,-18.379807,4.3791046
-12.500366,-19.241714,4.4461517
-12.2322235,-19.327911,4.3192596
-11.750992,-19.20819,4.0295563
-11.425369,-18.913712,3.5411377
-11.068634,-18.228973,2.7007751
-10.812454,-17.582535,2.3320618
-10.687958,-17.232986,2.1884155
-10.419815,-16.548233,1.9561768
-10.072647,-15.935318,1.8723755
-9.363968,-15.142838,1.8340759
-8.82048,-14.673584,1.9274445
-8.559509,-14.496414,1.992096
-7.941803,-14.180374,2.0734863
-6.8955383,-13.612946,2.1836243
-6.56514,-13.373535,2.2554474
-5.940262,-12.827652,2.4134674
-5.0304565,-11.946579,2.5236053
-4.601898,-11.479721,2.5212097
-4.2427673,-11.055939,2.3823395
-3.8836365,-10.622589,2.1908112
-3.4885864,-10.182053,1.9154816
-3.2395935,-9.966583,1.7143707
-2.387268,-9.36084,1.292984
-1.8772888,-8.946655,1.1421509
-1.4750671,-8.474991,1.1182098
-1.3074799,-8.029663,1.2163696
-1.221283,-7.672928,1.213974
-1.0536957,-7.320984,1.0727234
-1.0297546,-7.076782,1.024826
-0.9124298,-6.8541107,0.917099
-0.5509033,-6.6506042,0.71598816
-0.05770874,-6.514145,0.54119873
0.44508362,-6.4542847,0.43824768
0.88082886,-6.451889,0.45980835
1.055603,-6.514145,0.6034546
1.0939026,-6.676941,0.7949829
1.055603,-6.779892,1.02005
0.87124634,-6.913971,1.1517334
0.66773987,-7.1222687,1.000885
0.5073242,-7.2443695,0.73753357
0.31340027,-7.352112,0.56036377
0.16496277,-7.4766083,0.47177124
-0.4790802,-8.386398,0.23713684
-0.7831421,-8.84848,0.19404602
-2.1047516,-10.976929,0.1557312
-2.9379272,-12.573868,0.10784912
-3.5795746,-13.849976,-0.07171631
-4.233185,-14.845963,-0.30155945
-5.2196045,-15.530701,-0.5673065
-6.56514,-15.959259,-0.78279114
-7.925049,-16.387833,-0.9001007
-9.15567,-16.821182,-0.8785553
-10.034348,-17.074966,-0.80433655
-10.561066,-17.153976,-0.59843445
-11.0542755,-17.32396,-0.30633545
-11.504379,-17.441284,0.05757141
-11.966461,-17.56099,0.41670227
-12.591354,-17.716614,0.7614746
-13.347916,-17.7621,0.92666626
-14.272079,-17.608871,0.91470337
-15.469177,-17.335938,0.3113556
-16.362213,-17.055817,-0.4547882
-16.857819,-16.366287,-0.8713684
-17.094849,-15.695908,-2.2863464
-16.94162,-15.233826,-2.8394012
-16.108429,-14.120514,-3.1362915
-15.548187,-13.782944,-3.4954224
-14.889786,-13.363953,-3.0309448
-13.953644,-12.796524,-2.1115723
-13.146805,-12.327255,-1.2113495
-12.55304,-11.934616,-0.39492798
-12.213058,-11.391129,0.39515686
-12.186722,-10.727936,1.0344086
-12.186722,-9.952209,1.427063
-12.320801,-9.200439,1.5132446
-12.414185,-8.491745,1.2762299
-12.45488,-7.787857,0.96977234
-12.457275,-7.182129,0.7423248
-12.27771,-6.5883636,0.63697815
-12.047867,-5.9826202,0.69921875
-11.794083,-5.4535065,0.8883667
-11.561844,-4.9507294,1.0511627
-11.5642395,-4.601166,1.075119
-11.576202,-4.237259,1.0104675
-11.552261,-3.8733368,0.88357544
-11.535507,-3.5980072,0.7303467
-11.497192,-3.404068,0.56036377
-11.391861,-3.3418274,0.39994812
